<?xml version="1.0" encoding="UTF-8"?>
<project-private xmlns="http://www.netbeans.org/ns/project-private/1">
    <editor-bookmarks xmlns="http://www.netbeans.org/ns/editor-bookmarks/2" lastBookmarkId="1">
        <file>
            <url>src/smpic/Mainpage.java</url>
            <bookmark id="1">
                <name/>
                <line>526</line>
                <key/>
            </bookmark>
        </file>
    </editor-bookmarks>
    <open-files xmlns="http://www.netbeans.org/ns/projectui-open-files/2">
        <group>
            <file>file:/D:/documents/smpic/Smpic/src/smpic/Student_detail.java</file>
            <file>file:/D:/documents/smpic/Smpic/src/smpic/class_fee_date_wise.java</file>
            <file>file:/D:/documents/smpic/Smpic/newjsf.xhtml</file>
            <file>file:/D:/documents/smpic/Smpic/manifest.mf</file>
            <file>file:/D:/documents/smpic/Smpic/src/smpic/RGFORM.java</file>
        </group>
    </open-files>
</project-private>
